Budget_Multiplier,Total_Budget,Total_Leads,Avg_CPL,ROI
0.8,130024.64000000003,1575.0125767624704,82.55466776479538,0.012113185445177699
0.9,146277.72000000003,1735.7281458198652,84.27455667656196,0.011865977578949582
1.0,162530.80000000002,1890.0150921149645,85.99444558832852,0.011628658027370592
1.1,178783.88,2038.2515699279027,87.71433450009509,0.01140064512487313
1.2,195036.96,2180.7866447480355,89.43422341186165,0.0111814019493948
