Scenario,Total_Budget,Total_Leads,Avg_CPL,Improvement_Leads,Improvement_CPL
Increase Top 3 Programs by 30%,183621.04300000003,1933.0692858242462,94.9893748488717,212.2890607147409,4.162527115008796
Reduce High CPL Programs by 25%,137633.615,1463.4749972732163,94.04575770439702,136.42568615076192,5.207651837236815
"Pause Underperformers, Reallocate",162530.80000000002,1934.3627681511957,84.02291580257304,212.49802393395728,17.757557433282244
